{"stats":{"minecraft:custom":{"minecraft:time_since_rest":5211,"minecraft:sprint_one_cm":6108,"minecraft:play_time":5211,"minecraft:damage_taken":10,"minecraft:walk_one_cm":3210,"minecraft:jump":20,"minecraft:leave_game":8,"minecraft:time_since_death":5211,"minecraft:total_world_time":5211,"minecraft:interact_with_crafting_table":1,"minecraft:fall_one_cm":534,"minecraft:fly_one_cm":2865},"minecraft:crafted":{"minecraft:oak_planks":24,"minecraft:crafting_table":1,"minecraft:stick":4},"minecraft:used":{"minecraft:crafting_table":1,"minecraft:wooden_pickaxe":2},"minecraft:mined":{"minecraft:oak_log":6,"minecraft:dirt":1,"minecraft:stone":1,"minecraft:crafting_table":1},"minecraft:picked_up":{"minecraft:crafting_table":1,"minecraft:wooden_pickaxe":1,"minecraft:oak_log":6,"minecraft:dirt":1}},"DataVersion":3953}