{"stats":{"minecraft:killed_by":{"minecraft:zombie":1},"minecraft:mined":{"minecraft:short_grass":1},"minecraft:custom":{"minecraft:jump":15,"minecraft:time_since_rest":680,"minecraft:damage_dealt":120,"minecraft:damage_taken":250,"minecraft:play_time":1760,"minecraft:leave_game":3,"minecraft:sprint_one_cm":409,"minecraft:walk_one_cm":5245,"minecraft:time_since_death":313,"minecraft:deaths":1,"minecraft:total_world_time":1760,"minecraft:fall_one_cm":209,"minecraft:fly_one_cm":1868}},"DataVersion":3953}