{"stats":{"minecraft:mined":{"minecraft:oak_log":6,"minecraft:dirt":1,"minecraft:stone":1,"minecraft:crafting_table":1},"minecraft:crafted":{"minecraft:oak_planks":24,"minecraft:crafting_table":1,"minecraft:stick":4},"minecraft:custom":{"minecraft:time_since_rest":8302,"minecraft:play_time":8302,"minecraft:sprint_one_cm":6159,"minecraft:damage_taken":10,"minecraft:walk_one_cm":4708,"minecraft:sneak_time":10,"minecraft:walk_under_water_one_cm":546,"minecraft:jump":34,"minecraft:leave_game":16,"minecraft:walk_on_water_one_cm":490,"minecraft:time_since_death":8302,"minecraft:total_world_time":8302,"minecraft:swim_one_cm":839,"minecraft:interact_with_crafting_table":1,"minecraft:fall_one_cm":534,"minecraft:fly_one_cm":2906},"minecraft:picked_up":{"minecraft:crafting_table":1,"minecraft:wooden_pickaxe":1,"minecraft:oak_log":6,"minecraft:dirt":1,"minecraft:cobblestone":1},"minecraft:used":{"minecraft:crafting_table":1,"minecraft:wooden_pickaxe":2}},"DataVersion":3953}