{"stats":{"minecraft:custom":{"minecraft:time_since_rest":5774,"minecraft:crouch_one_cm":189,"minecraft:play_time":5774,"minecraft:sprint_one_cm":20388,"minecraft:damage_taken":40,"minecraft:walk_one_cm":6938,"minecraft:sneak_time":38,"minecraft:walk_under_water_one_cm":36,"minecraft:drop":4,"minecraft:jump":275,"minecraft:damage_dealt":10,"minecraft:walk_on_water_one_cm":503,"minecraft:leave_game":3,"minecraft:time_since_death":5774,"minecraft:total_world_time":5774,"minecraft:interact_with_crafting_table":1,"minecraft:swim_one_cm":318,"minecraft:fall_one_cm":8435,"minecraft:fly_one_cm":35989},"minecraft:crafted":{"minecraft:oak_planks":32,"minecraft:crafting_table":1,"minecraft:stick":8,"minecraft:wooden_pickaxe":2},"minecraft:used":{"minecraft:crafting_table":1,"minecraft:wooden_pickaxe":5},"minecraft:dropped":{"minecraft:wooden_pickaxe":1,"minecraft:oak_sapling":3},"minecraft:mined":{"minecraft:oak_log":8,"minecraft:stone":5,"minecraft:crafting_table":1,"minecraft:oak_leaves":8},"minecraft:picked_up":{"minecraft:crafting_table":1,"minecraft:oak_log":8,"minecraft:oak_sapling":3,"minecraft:cobblestone":5}},"DataVersion":3953}